-- ============================================================
-- Mock Data Part 1: Locations
-- countries (11), provinces (77 Thai), locations (50)
-- ============================================================

-- 1.1 Countries (Thailand + ASEAN)
INSERT INTO public.countries (id, name, code) VALUES
  ('cc000001-0000-0000-0000-000000000001', 'Thailand',    'THA'),
  ('cc000002-0000-0000-0000-000000000002', 'Vietnam',     'VNM'),
  ('cc000003-0000-0000-0000-000000000003', 'Indonesia',   'IDN'),
  ('cc000004-0000-0000-0000-000000000004', 'Malaysia',    'MYS'),
  ('cc000005-0000-0000-0000-000000000005', 'Singapore',   'SGP'),
  ('cc000006-0000-0000-0000-000000000006', 'Philippines', 'PHL'),
  ('cc000007-0000-0000-0000-000000000007', 'Myanmar',     'MMR'),
  ('cc000008-0000-0000-0000-000000000008', 'Cambodia',    'KHM'),
  ('cc000009-0000-0000-0000-000000000009', 'Laos',        'LAO'),
  ('cc000010-0000-0000-0000-000000000010', 'Brunei',      'BRN'),
  ('cc000011-0000-0000-0000-000000000011', 'Timor-Leste', 'TLS')
ON CONFLICT (id) DO NOTHING;

-- 1.2 Provinces (77 จังหวัดของไทย)
INSERT INTO public.provinces (id, country_id, province_name, postal_code) VALUES
  ('pv000001-0000-0000-0000-000000000001','cc000001-0000-0000-0000-000000000001','กรุงเทพมหานคร','10000'),
  ('pv000002-0000-0000-0000-000000000002','cc000001-0000-0000-0000-000000000001','กระบี่','81000'),
  ('pv000003-0000-0000-0000-000000000003','cc000001-0000-0000-0000-000000000001','กาญจนบุรี','71000'),
  ('pv000004-0000-0000-0000-000000000004','cc000001-0000-0000-0000-000000000001','กาฬสินธุ์','46000'),
  ('pv000005-0000-0000-0000-000000000005','cc000001-0000-0000-0000-000000000001','กำแพงเพชร','62000'),
  ('pv000006-0000-0000-0000-000000000006','cc000001-0000-0000-0000-000000000001','ขอนแก่น','40000'),
  ('pv000007-0000-0000-0000-000000000007','cc000001-0000-0000-0000-000000000001','จันทบุรี','22000'),
  ('pv000008-0000-0000-0000-000000000008','cc000001-0000-0000-0000-000000000001','ฉะเชิงเทรา','24000'),
  ('pv000009-0000-0000-0000-000000000009','cc000001-0000-0000-0000-000000000001','ชลบุรี','20000'),
  ('pv000010-0000-0000-0000-000000000010','cc000001-0000-0000-0000-000000000001','ชัยนาท','17000'),
  ('pv000011-0000-0000-0000-000000000011','cc000001-0000-0000-0000-000000000001','ชัยภูมิ','36000'),
  ('pv000012-0000-0000-0000-000000000012','cc000001-0000-0000-0000-000000000001','ชุมพร','86000'),
  ('pv000013-0000-0000-0000-000000000013','cc000001-0000-0000-0000-000000000001','เชียงราย','57000'),
  ('pv000014-0000-0000-0000-000000000014','cc000001-0000-0000-0000-000000000001','เชียงใหม่','50000'),
  ('pv000015-0000-0000-0000-000000000015','cc000001-0000-0000-0000-000000000001','ตรัง','92000'),
  ('pv000016-0000-0000-0000-000000000016','cc000001-0000-0000-0000-000000000001','ตราด','23000'),
  ('pv000017-0000-0000-0000-000000000017','cc000001-0000-0000-0000-000000000001','ตาก','63000'),
  ('pv000018-0000-0000-0000-000000000018','cc000001-0000-0000-0000-000000000001','นครนายก','26000'),
  ('pv000019-0000-0000-0000-000000000019','cc000001-0000-0000-0000-000000000001','นครปฐม','73000'),
  ('pv000020-0000-0000-0000-000000000020','cc000001-0000-0000-0000-000000000001','นครพนม','48000'),
  ('pv000021-0000-0000-0000-000000000021','cc000001-0000-0000-0000-000000000001','นครราชสีมา','30000'),
  ('pv000022-0000-0000-0000-000000000022','cc000001-0000-0000-0000-000000000001','นครศรีธรรมราช','80000'),
  ('pv000023-0000-0000-0000-000000000023','cc000001-0000-0000-0000-000000000001','นครสวรรค์','60000'),
  ('pv000024-0000-0000-0000-000000000024','cc000001-0000-0000-0000-000000000001','นนทบุรี','11000'),
  ('pv000025-0000-0000-0000-000000000025','cc000001-0000-0000-0000-000000000001','นราธิวาส','96000'),
  ('pv000026-0000-0000-0000-000000000026','cc000001-0000-0000-0000-000000000001','น่าน','55000'),
  ('pv000027-0000-0000-0000-000000000027','cc000001-0000-0000-0000-000000000001','บึงกาฬ','38000'),
  ('pv000028-0000-0000-0000-000000000028','cc000001-0000-0000-0000-000000000001','บุรีรัมย์','31000'),
  ('pv000029-0000-0000-0000-000000000029','cc000001-0000-0000-0000-000000000001','ปทุมธานี','12000'),
  ('pv000030-0000-0000-0000-000000000030','cc000001-0000-0000-0000-000000000001','ประจวบคีรีขันธ์','77000'),
  ('pv000031-0000-0000-0000-000000000031','cc000001-0000-0000-0000-000000000001','ปราจีนบุรี','25000'),
  ('pv000032-0000-0000-0000-000000000032','cc000001-0000-0000-0000-000000000001','ปัตตานี','94000'),
  ('pv000033-0000-0000-0000-000000000033','cc000001-0000-0000-0000-000000000001','พระนครศรีอยุธยา','13000'),
  ('pv000034-0000-0000-0000-000000000034','cc000001-0000-0000-0000-000000000001','พะเยา','56000'),
  ('pv000035-0000-0000-0000-000000000035','cc000001-0000-0000-0000-000000000001','พังงา','82000'),
  ('pv000036-0000-0000-0000-000000000036','cc000001-0000-0000-0000-000000000001','พัทลุง','93000'),
  ('pv000037-0000-0000-0000-000000000037','cc000001-0000-0000-0000-000000000001','พิจิตร','66000'),
  ('pv000038-0000-0000-0000-000000000038','cc000001-0000-0000-0000-000000000001','พิษณุโลก','65000'),
  ('pv000039-0000-0000-0000-000000000039','cc000001-0000-0000-0000-000000000001','เพชรบุรี','76000'),
  ('pv000040-0000-0000-0000-000000000040','cc000001-0000-0000-0000-000000000001','เพชรบูรณ์','67000'),
  ('pv000041-0000-0000-0000-000000000041','cc000001-0000-0000-0000-000000000001','แพร่','54000'),
  ('pv000042-0000-0000-0000-000000000042','cc000001-0000-0000-0000-000000000001','ภูเก็ต','83000'),
  ('pv000043-0000-0000-0000-000000000043','cc000001-0000-0000-0000-000000000001','มหาสารคาม','44000'),
  ('pv000044-0000-0000-0000-000000000044','cc000001-0000-0000-0000-000000000001','มุกดาหาร','49000'),
  ('pv000045-0000-0000-0000-000000000045','cc000001-0000-0000-0000-000000000001','แม่ฮ่องสอน','58000'),
  ('pv000046-0000-0000-0000-000000000046','cc000001-0000-0000-0000-000000000001','ยโสธร','35000'),
  ('pv000047-0000-0000-0000-000000000047','cc000001-0000-0000-0000-000000000001','ยะลา','95000'),
  ('pv000048-0000-0000-0000-000000000048','cc000001-0000-0000-0000-000000000001','ร้อยเอ็ด','45000'),
  ('pv000049-0000-0000-0000-000000000049','cc000001-0000-0000-0000-000000000001','ระนอง','85000'),
  ('pv000050-0000-0000-0000-000000000050','cc000001-0000-0000-0000-000000000001','ระยอง','21000'),
  ('pv000051-0000-0000-0000-000000000051','cc000001-0000-0000-0000-000000000001','ราชบุรี','70000'),
  ('pv000052-0000-0000-0000-000000000052','cc000001-0000-0000-0000-000000000001','ลพบุรี','15000'),
  ('pv000053-0000-0000-0000-000000000053','cc000001-0000-0000-0000-000000000001','ลำปาง','52000'),
  ('pv000054-0000-0000-0000-000000000054','cc000001-0000-0000-0000-000000000001','ลำพูน','51000'),
  ('pv000055-0000-0000-0000-000000000055','cc000001-0000-0000-0000-000000000001','เลย','42000'),
  ('pv000056-0000-0000-0000-000000000056','cc000001-0000-0000-0000-000000000001','ศรีสะเกษ','33000'),
  ('pv000057-0000-0000-0000-000000000057','cc000001-0000-0000-0000-000000000001','สกลนคร','47000'),
  ('pv000058-0000-0000-0000-000000000058','cc000001-0000-0000-0000-000000000001','สงขลา','90000'),
  ('pv000059-0000-0000-0000-000000000059','cc000001-0000-0000-0000-000000000001','สตูล','91000'),
  ('pv000060-0000-0000-0000-000000000060','cc000001-0000-0000-0000-000000000001','สมุทรปราการ','10270'),
  ('pv000061-0000-0000-0000-000000000061','cc000001-0000-0000-0000-000000000001','สมุทรสงคราม','75000'),
  ('pv000062-0000-0000-0000-000000000062','cc000001-0000-0000-0000-000000000001','สมุทรสาคร','74000'),
  ('pv000063-0000-0000-0000-000000000063','cc000001-0000-0000-0000-000000000001','สระแก้ว','27000'),
  ('pv000064-0000-0000-0000-000000000064','cc000001-0000-0000-0000-000000000001','สระบุรี','18000'),
  ('pv000065-0000-0000-0000-000000000065','cc000001-0000-0000-0000-000000000001','สิงห์บุรี','16000'),
  ('pv000066-0000-0000-0000-000000000066','cc000001-0000-0000-0000-000000000001','สุโขทัย','64000'),
  ('pv000067-0000-0000-0000-000000000067','cc000001-0000-0000-0000-000000000001','สุพรรณบุรี','72000'),
  ('pv000068-0000-0000-0000-000000000068','cc000001-0000-0000-0000-000000000001','สุราษฎร์ธานี','84000'),
  ('pv000069-0000-0000-0000-000000000069','cc000001-0000-0000-0000-000000000001','สุรินทร์','32000'),
  ('pv000070-0000-0000-0000-000000000070','cc000001-0000-0000-0000-000000000001','หนองคาย','43000'),
  ('pv000071-0000-0000-0000-000000000071','cc000001-0000-0000-0000-000000000001','หนองบัวลำภู','39000'),
  ('pv000072-0000-0000-0000-000000000072','cc000001-0000-0000-0000-000000000001','อ่างทอง','14000'),
  ('pv000073-0000-0000-0000-000000000073','cc000001-0000-0000-0000-000000000001','อำนาจเจริญ','37000'),
  ('pv000074-0000-0000-0000-000000000074','cc000001-0000-0000-0000-000000000001','อุดรธานี','41000'),
  ('pv000075-0000-0000-0000-000000000075','cc000001-0000-0000-0000-000000000001','อุตรดิตถ์','53000'),
  ('pv000076-0000-0000-0000-000000000076','cc000001-0000-0000-0000-000000000001','อุทัยธานี','61000'),
  ('pv000077-0000-0000-0000-000000000077','cc000001-0000-0000-0000-000000000001','อุบลราชธานี','34000')
ON CONFLICT (id) DO NOTHING;

-- 1.3 Locations (50 sample addresses for profile_customers)
INSERT INTO public.locations (id, country_id, province_id, district, sub_district, house_no, road) VALUES
  ('lc000001-0000-0000-0000-000000000001','cc000001-0000-0000-0000-000000000001','pv000001-0000-0000-0000-000000000001','วังทองหลาง','วังทองหลาง','123','ลาดพร้าว'),
  ('lc000002-0000-0000-0000-000000000002','cc000001-0000-0000-0000-000000000001','pv000001-0000-0000-0000-000000000001','จตุจักร','จตุจักร','45/2','พหลโยธิน'),
  ('lc000003-0000-0000-0000-000000000003','cc000001-0000-0000-0000-000000000001','pv000001-0000-0000-0000-000000000001','บางรัก','สีลม','88','สีลม'),
  ('lc000004-0000-0000-0000-000000000004','cc000001-0000-0000-0000-000000000001','pv000001-0000-0000-0000-000000000001','คลองเตย','คลองเตย','200','สุขุมวิท'),
  ('lc000005-0000-0000-0000-000000000005','cc000001-0000-0000-0000-000000000001','pv000001-0000-0000-0000-000000000001','ดอนเมือง','สีกัน','10','วิภาวดีรังสิต'),
  ('lc000006-0000-0000-0000-000000000006','cc000001-0000-0000-0000-000000000001','pv000014-0000-0000-0000-000000000014','เมืองเชียงใหม่','ช้างเผือก','55','นิมมานเหมินท์'),
  ('lc000007-0000-0000-0000-000000000007','cc000001-0000-0000-0000-000000000001','pv000014-0000-0000-0000-000000000014','เมืองเชียงใหม่','ศรีภูมิ','12','ราชดำเนิน'),
  ('lc000008-0000-0000-0000-000000000008','cc000001-0000-0000-0000-000000000001','pv000009-0000-0000-0000-000000000009','เมืองชลบุรี','บ้านสวน','77','สุขุมวิท'),
  ('lc000009-0000-0000-0000-000000000009','cc000001-0000-0000-0000-000000000001','pv000009-0000-0000-0000-000000000009','บางละมุง','หนองปรือ','3/4','พัทยาเหนือ'),
  ('lc000010-0000-0000-0000-000000000010','cc000001-0000-0000-0000-000000000001','pv000042-0000-0000-0000-000000000042','เมืองภูเก็ต','ตลาดใหญ่','9','ถลาง'),
  ('lc000011-0000-0000-0000-000000000011','cc000001-0000-0000-0000-000000000001','pv000042-0000-0000-0000-000000000042','กะทู้','กมลา','22','เจ้าฟ้า'),
  ('lc000012-0000-0000-0000-000000000012','cc000001-0000-0000-0000-000000000001','pv000006-0000-0000-0000-000000000006','เมืองขอนแก่น','ในเมือง','100','มิตรภาพ'),
  ('lc000013-0000-0000-0000-000000000013','cc000001-0000-0000-0000-000000000001','pv000021-0000-0000-0000-000000000021','เมืองนครราชสีมา','ในเมือง','56','มิตรภาพ'),
  ('lc000014-0000-0000-0000-000000000014','cc000001-0000-0000-0000-000000000001','pv000058-0000-0000-0000-000000000058','เมืองสงขลา','บ่อยาง','33','ราษฎร์ยินดี'),
  ('lc000015-0000-0000-0000-000000000015','cc000001-0000-0000-0000-000000000001','pv000068-0000-0000-0000-000000000068','เมืองสุราษฎร์ธานี','ตลาด','8','ดอนนก'),
  ('lc000016-0000-0000-0000-000000000016','cc000001-0000-0000-0000-000000000001','pv000024-0000-0000-0000-000000000024','เมืองนนทบุรี','บางกระสอ','15','รัตนาธิเบศร์'),
  ('lc000017-0000-0000-0000-000000000017','cc000001-0000-0000-0000-000000000001','pv000029-0000-0000-0000-000000000029','เมืองปทุมธานี','บางปรอก','44','ปทุมธานี-สามโคก'),
  ('lc000018-0000-0000-0000-000000000018','cc000001-0000-0000-0000-000000000001','pv000060-0000-0000-0000-000000000060','เมืองสมุทรปราการ','ปากน้ำ','67','สุขุมวิท'),
  ('lc000019-0000-0000-0000-000000000019','cc000001-0000-0000-0000-000000000001','pv000050-0000-0000-0000-000000000050','เมืองระยอง','ท่าประดู่','19','สุขุมวิท'),
  ('lc000020-0000-0000-0000-000000000020','cc000001-0000-0000-0000-000000000001','pv000033-0000-0000-0000-000000000033','พระนครศรีอยุธยา','ประตูชัย','5','อู่ทอง'),
  ('lc000021-0000-0000-0000-000000000021','cc000001-0000-0000-0000-000000000001','pv000001-0000-0000-0000-000000000001','ห้วยขวาง','ห้วยขวาง','301','รัชดาภิเษก'),
  ('lc000022-0000-0000-0000-000000000022','cc000001-0000-0000-0000-000000000001','pv000001-0000-0000-0000-000000000001','ราษฎร์บูรณะ','ราษฎร์บูรณะ','14','ราษฎร์บูรณะ'),
  ('lc000023-0000-0000-0000-000000000023','cc000001-0000-0000-0000-000000000001','pv000001-0000-0000-0000-000000000001','ลาดกระบัง','ลาดกระบัง','88','ลาดกระบัง'),
  ('lc000024-0000-0000-0000-000000000024','cc000001-0000-0000-0000-000000000001','pv000001-0000-0000-0000-000000000001','มีนบุรี','มีนบุรี','7','รามคำแหง'),
  ('lc000025-0000-0000-0000-000000000025','cc000001-0000-0000-0000-000000000001','pv000001-0000-0000-0000-000000000001','บึงกุ่ม','คลองกุ่ม','29','เสรีไทย'),
  ('lc000026-0000-0000-0000-000000000026','cc000001-0000-0000-0000-000000000001','pv000013-0000-0000-0000-000000000013','เมืองเชียงราย','เวียง','66','พหลโยธิน'),
  ('lc000027-0000-0000-0000-000000000027','cc000001-0000-0000-0000-000000000001','pv000038-0000-0000-0000-000000000038','เมืองพิษณุโลก','ในเมือง','111','บรมไตรโลกนาถ'),
  ('lc000028-0000-0000-0000-000000000028','cc000001-0000-0000-0000-000000000001','pv000074-0000-0000-0000-000000000074','เมืองอุดรธานี','หมากแข้ง','42','ทหาร'),
  ('lc000029-0000-0000-0000-000000000029','cc000001-0000-0000-0000-000000000001','pv000077-0000-0000-0000-000000000077','เมืองอุบลราชธานี','ในเมือง','18','ชยางกูร'),
  ('lc000030-0000-0000-0000-000000000030','cc000001-0000-0000-0000-000000000001','pv000022-0000-0000-0000-000000000022','เมืองนครศรีธรรมราช','ในเมือง','30','ราชดำเนิน'),
  ('lc000031-0000-0000-0000-000000000031','cc000001-0000-0000-0000-000000000001','pv000001-0000-0000-0000-000000000001','ธนบุรี','บางยี่เรือ','52','เทอดไท'),
  ('lc000032-0000-0000-0000-000000000032','cc000001-0000-0000-0000-000000000001','pv000001-0000-0000-0000-000000000001','บางกอกน้อย','บ้านช่างหล่อ','3','อรุณอมรินทร์'),
  ('lc000033-0000-0000-0000-000000000033','cc000001-0000-0000-0000-000000000001','pv000001-0000-0000-0000-000000000001','ป้อมปราบศัตรูพ่าย','วัดเทพศิรินทร์','77','กรุงเกษม'),
  ('lc000034-0000-0000-0000-000000000034','cc000001-0000-0000-0000-000000000001','pv000001-0000-0000-0000-000000000001','สาทร','ยานนาวา','200','นราธิวาสราชนครินทร์'),
  ('lc000035-0000-0000-0000-000000000035','cc000001-0000-0000-0000-000000000001','pv000001-0000-0000-0000-000000000001','บางนา','บางนา','55','บางนา-ตราด'),
  ('lc000036-0000-0000-0000-000000000036','cc000001-0000-0000-0000-000000000001','pv000001-0000-0000-0000-000000000001','สวนหลวง','สวนหลวง','11','ศรีนครินทร์'),
  ('lc000037-0000-0000-0000-000000000037','cc000001-0000-0000-0000-000000000001','pv000001-0000-0000-0000-000000000001','บางเขน','อนุสาวรีย์','99','พหลโยธิน'),
  ('lc000038-0000-0000-0000-000000000038','cc000001-0000-0000-0000-000000000001','pv000001-0000-0000-0000-000000000001','ดอนเมือง','ดอนเมือง','40','วิภาวดีรังสิต'),
  ('lc000039-0000-0000-0000-000000000039','cc000001-0000-0000-0000-000000000001','pv000001-0000-0000-0000-000000000001','หลักสี่','ทุ่งสองห้อง','6','แจ้งวัฒนะ'),
  ('lc000040-0000-0000-0000-000000000040','cc000001-0000-0000-0000-000000000001','pv000001-0000-0000-0000-000000000001','ลาดพร้าว','ลาดพร้าว','88','ลาดพร้าว'),
  ('lc000041-0000-0000-0000-000000000041','cc000001-0000-0000-0000-000000000001','pv000001-0000-0000-0000-000000000001','บึงกุ่ม','คันนายาว','12','นิมิตใหม่'),
  ('lc000042-0000-0000-0000-000000000042','cc000001-0000-0000-0000-000000000001','pv000001-0000-0000-0000-000000000001','ประเวศ','ประเวศ','34','อ่อนนุช'),
  ('lc000043-0000-0000-0000-000000000043','cc000001-0000-0000-0000-000000000001','pv000001-0000-0000-0000-000000000001','บางกะปิ','หัวหมาก','21','รามคำแหง'),
  ('lc000044-0000-0000-0000-000000000044','cc000001-0000-0000-0000-000000000001','pv000001-0000-0000-0000-000000000001','ทุ่งครุ','บางมด','5','ประชาอุทิศ'),
  ('lc000045-0000-0000-0000-000000000045','cc000001-0000-0000-0000-000000000001','pv000001-0000-0000-0000-000000000001','จอมทอง','บางขุนเทียน','17','เอกชัย'),
  ('lc000046-0000-0000-0000-000000000046','cc000001-0000-0000-0000-000000000001','pv000001-0000-0000-0000-000000000001','บางบอน','บางบอน','8','กาญจนาภิเษก'),
  ('lc000047-0000-0000-0000-000000000047','cc000001-0000-0000-0000-000000000001','pv000001-0000-0000-0000-000000000001','หนองแขม','หนองแขม','22','เพชรเกษม'),
  ('lc000048-0000-0000-0000-000000000048','cc000001-0000-0000-0000-000000000001','pv000001-0000-0000-0000-000000000001','ภาษีเจริญ','บางแวก','60','เพชรเกษม'),
  ('lc000049-0000-0000-0000-000000000049','cc000001-0000-0000-0000-000000000001','pv000001-0000-0000-0000-000000000001','ตลิ่งชัน','ตลิ่งชัน','3','บรมราชชนนี'),
  ('lc000050-0000-0000-0000-000000000050','cc000001-0000-0000-0000-000000000001','pv000001-0000-0000-0000-000000000001','บางพลัด','บางพลัด','91','จรัญสนิทวงศ์')
ON CONFLICT (id) DO NOTHING;
