-- ============================================================
-- Mock Data Part 1: Locations
-- countries (11), provinces (77 Thai), locations (50)
-- ============================================================

-- 1.1 Countries (Thailand + ASEAN)
INSERT INTO public.countries (id, name, code) VALUES
  ('cc000001-0000-0000-0000-000000000001', 'Thailand',    'THA'),
  ('cc000002-0000-0000-0000-000000000002', 'Vietnam',     'VNM'),
  ('cc000003-0000-0000-0000-000000000003', 'Indonesia',   'IDN'),
  ('cc000004-0000-0000-0000-000000000004', 'Malaysia',    'MYS'),
  ('cc000005-0000-0000-0000-000000000005', 'Singapore',   'SGP'),
  ('cc000006-0000-0000-0000-000000000006', 'Philippines', 'PHL'),
  ('cc000007-0000-0000-0000-000000000007', 'Myanmar',     'MMR'),
  ('cc000008-0000-0000-0000-000000000008', 'Cambodia',    'KHM'),
  ('cc000009-0000-0000-0000-000000000009', 'Laos',        'LAO'),
  ('cc000010-0000-0000-0000-000000000010', 'Brunei',      'BRN'),
  ('cc000011-0000-0000-0000-000000000011', 'Timor-Leste', 'TLS')
ON CONFLICT (id) DO NOTHING;

-- 1.2 Provinces (77 จังหวัดของไทย)
-- UUID format: b0000001-0000-0000-0000-000000000001 (all hex)
INSERT INTO public.provinces (id, country_id, province_name, postal_code) VALUES
  ('b0000001-0000-0000-0000-000000000001','cc000001-0000-0000-0000-000000000001','กรุงเทพมหานคร','10000'),
  ('b0000002-0000-0000-0000-000000000002','cc000001-0000-0000-0000-000000000001','กระบี่','81000'),
  ('b0000003-0000-0000-0000-000000000003','cc000001-0000-0000-0000-000000000001','กาญจนบุรี','71000'),
  ('b0000004-0000-0000-0000-000000000004','cc000001-0000-0000-0000-000000000001','กาฬสินธุ์','46000'),
  ('b0000005-0000-0000-0000-000000000005','cc000001-0000-0000-0000-000000000001','กำแพงเพชร','62000'),
  ('b0000006-0000-0000-0000-000000000006','cc000001-0000-0000-0000-000000000001','ขอนแก่น','40000'),
  ('b0000007-0000-0000-0000-000000000007','cc000001-0000-0000-0000-000000000001','จันทบุรี','22000'),
  ('b0000008-0000-0000-0000-000000000008','cc000001-0000-0000-0000-000000000001','ฉะเชิงเทรา','24000'),
  ('b0000009-0000-0000-0000-000000000009','cc000001-0000-0000-0000-000000000001','ชลบุรี','20000'),
  ('b0000010-0000-0000-0000-000000000010','cc000001-0000-0000-0000-000000000001','ชัยนาท','17000'),
  ('b0000011-0000-0000-0000-000000000011','cc000001-0000-0000-0000-000000000001','ชัยภูมิ','36000'),
  ('b0000012-0000-0000-0000-000000000012','cc000001-0000-0000-0000-000000000001','ชุมพร','86000'),
  ('b0000013-0000-0000-0000-000000000013','cc000001-0000-0000-0000-000000000001','เชียงราย','57000'),
  ('b0000014-0000-0000-0000-000000000014','cc000001-0000-0000-0000-000000000001','เชียงใหม่','50000'),
  ('b0000015-0000-0000-0000-000000000015','cc000001-0000-0000-0000-000000000001','ตรัง','92000'),
  ('b0000016-0000-0000-0000-000000000016','cc000001-0000-0000-0000-000000000001','ตราด','23000'),
  ('b0000017-0000-0000-0000-000000000017','cc000001-0000-0000-0000-000000000001','ตาก','63000'),
  ('b0000018-0000-0000-0000-000000000018','cc000001-0000-0000-0000-000000000001','นครนายก','26000'),
  ('b0000019-0000-0000-0000-000000000019','cc000001-0000-0000-0000-000000000001','นครปฐม','73000'),
  ('b0000020-0000-0000-0000-000000000020','cc000001-0000-0000-0000-000000000001','นครพนม','48000'),
  ('b0000021-0000-0000-0000-000000000021','cc000001-0000-0000-0000-000000000001','นครราชสีมา','30000'),
  ('b0000022-0000-0000-0000-000000000022','cc000001-0000-0000-0000-000000000001','นครศรีธรรมราช','80000'),
  ('b0000023-0000-0000-0000-000000000023','cc000001-0000-0000-0000-000000000001','นครสวรรค์','60000'),
  ('b0000024-0000-0000-0000-000000000024','cc000001-0000-0000-0000-000000000001','นนทบุรี','11000'),
  ('b0000025-0000-0000-0000-000000000025','cc000001-0000-0000-0000-000000000001','นราธิวาส','96000'),
  ('b0000026-0000-0000-0000-000000000026','cc000001-0000-0000-0000-000000000001','น่าน','55000'),
  ('b0000027-0000-0000-0000-000000000027','cc000001-0000-0000-0000-000000000001','บึงกาฬ','38000'),
  ('b0000028-0000-0000-0000-000000000028','cc000001-0000-0000-0000-000000000001','บุรีรัมย์','31000'),
  ('b0000029-0000-0000-0000-000000000029','cc000001-0000-0000-0000-000000000001','ปทุมธานี','12000'),
  ('b0000030-0000-0000-0000-000000000030','cc000001-0000-0000-0000-000000000001','ประจวบคีรีขันธ์','77000'),
  ('b0000031-0000-0000-0000-000000000031','cc000001-0000-0000-0000-000000000001','ปราจีนบุรี','25000'),
  ('b0000032-0000-0000-0000-000000000032','cc000001-0000-0000-0000-000000000001','ปัตตานี','94000'),
  ('b0000033-0000-0000-0000-000000000033','cc000001-0000-0000-0000-000000000001','พระนครศรีอยุธยา','13000'),
  ('b0000034-0000-0000-0000-000000000034','cc000001-0000-0000-0000-000000000001','พะเยา','56000'),
  ('b0000035-0000-0000-0000-000000000035','cc000001-0000-0000-0000-000000000001','พังงา','82000'),
  ('b0000036-0000-0000-0000-000000000036','cc000001-0000-0000-0000-000000000001','พัทลุง','93000'),
  ('b0000037-0000-0000-0000-000000000037','cc000001-0000-0000-0000-000000000001','พิจิตร','66000'),
  ('b0000038-0000-0000-0000-000000000038','cc000001-0000-0000-0000-000000000001','พิษณุโลก','65000'),
  ('b0000039-0000-0000-0000-000000000039','cc000001-0000-0000-0000-000000000001','เพชรบุรี','76000'),
  ('b0000040-0000-0000-0000-000000000040','cc000001-0000-0000-0000-000000000001','เพชรบูรณ์','67000'),
  ('b0000041-0000-0000-0000-000000000041','cc000001-0000-0000-0000-000000000001','แพร่','54000'),
  ('b0000042-0000-0000-0000-000000000042','cc000001-0000-0000-0000-000000000001','ภูเก็ต','83000'),
  ('b0000043-0000-0000-0000-000000000043','cc000001-0000-0000-0000-000000000001','มหาสารคาม','44000'),
  ('b0000044-0000-0000-0000-000000000044','cc000001-0000-0000-0000-000000000001','มุกดาหาร','49000'),
  ('b0000045-0000-0000-0000-000000000045','cc000001-0000-0000-0000-000000000001','แม่ฮ่องสอน','58000'),
  ('b0000046-0000-0000-0000-000000000046','cc000001-0000-0000-0000-000000000001','ยโสธร','35000'),
  ('b0000047-0000-0000-0000-000000000047','cc000001-0000-0000-0000-000000000001','ยะลา','95000'),
  ('b0000048-0000-0000-0000-000000000048','cc000001-0000-0000-0000-000000000001','ร้อยเอ็ด','45000'),
  ('b0000049-0000-0000-0000-000000000049','cc000001-0000-0000-0000-000000000001','ระนอง','85000'),
  ('b0000050-0000-0000-0000-000000000050','cc000001-0000-0000-0000-000000000001','ระยอง','21000'),
  ('b0000051-0000-0000-0000-000000000051','cc000001-0000-0000-0000-000000000001','ราชบุรี','70000'),
  ('b0000052-0000-0000-0000-000000000052','cc000001-0000-0000-0000-000000000001','ลพบุรี','15000'),
  ('b0000053-0000-0000-0000-000000000053','cc000001-0000-0000-0000-000000000001','ลำปาง','52000'),
  ('b0000054-0000-0000-0000-000000000054','cc000001-0000-0000-0000-000000000001','ลำพูน','51000'),
  ('b0000055-0000-0000-0000-000000000055','cc000001-0000-0000-0000-000000000001','เลย','42000'),
  ('b0000056-0000-0000-0000-000000000056','cc000001-0000-0000-0000-000000000001','ศรีสะเกษ','33000'),
  ('b0000057-0000-0000-0000-000000000057','cc000001-0000-0000-0000-000000000001','สกลนคร','47000'),
  ('b0000058-0000-0000-0000-000000000058','cc000001-0000-0000-0000-000000000001','สงขลา','90000'),
  ('b0000059-0000-0000-0000-000000000059','cc000001-0000-0000-0000-000000000001','สตูล','91000'),
  ('b0000060-0000-0000-0000-000000000060','cc000001-0000-0000-0000-000000000001','สมุทรปราการ','10270'),
  ('b0000061-0000-0000-0000-000000000061','cc000001-0000-0000-0000-000000000001','สมุทรสงคราม','75000'),
  ('b0000062-0000-0000-0000-000000000062','cc000001-0000-0000-0000-000000000001','สมุทรสาคร','74000'),
  ('b0000063-0000-0000-0000-000000000063','cc000001-0000-0000-0000-000000000001','สระแก้ว','27000'),
  ('b0000064-0000-0000-0000-000000000064','cc000001-0000-0000-0000-000000000001','สระบุรี','18000'),
  ('b0000065-0000-0000-0000-000000000065','cc000001-0000-0000-0000-000000000001','สิงห์บุรี','16000'),
  ('b0000066-0000-0000-0000-000000000066','cc000001-0000-0000-0000-000000000001','สุโขทัย','64000'),
  ('b0000067-0000-0000-0000-000000000067','cc000001-0000-0000-0000-000000000001','สุพรรณบุรี','72000'),
  ('b0000068-0000-0000-0000-000000000068','cc000001-0000-0000-0000-000000000001','สุราษฎร์ธานี','84000'),
  ('b0000069-0000-0000-0000-000000000069','cc000001-0000-0000-0000-000000000001','สุรินทร์','32000'),
  ('b0000070-0000-0000-0000-000000000070','cc000001-0000-0000-0000-000000000001','หนองคาย','43000'),
  ('b0000071-0000-0000-0000-000000000071','cc000001-0000-0000-0000-000000000001','หนองบัวลำภู','39000'),
  ('b0000072-0000-0000-0000-000000000072','cc000001-0000-0000-0000-000000000001','อ่างทอง','14000'),
  ('b0000073-0000-0000-0000-000000000073','cc000001-0000-0000-0000-000000000001','อำนาจเจริญ','37000'),
  ('b0000074-0000-0000-0000-000000000074','cc000001-0000-0000-0000-000000000001','อุดรธานี','41000'),
  ('b0000075-0000-0000-0000-000000000075','cc000001-0000-0000-0000-000000000001','อุตรดิตถ์','53000'),
  ('b0000076-0000-0000-0000-000000000076','cc000001-0000-0000-0000-000000000001','อุทัยธานี','61000'),
  ('b0000077-0000-0000-0000-000000000077','cc000001-0000-0000-0000-000000000001','อุบลราชธานี','34000')
ON CONFLICT (id) DO NOTHING;

-- 1.3 Locations (50 sample addresses for profile_customers)
INSERT INTO public.locations (id, country_id, province_id, district, sub_district, house_no, road) VALUES
  ('a0000001-0000-0000-0000-000000000001','cc000001-0000-0000-0000-000000000001','b0000001-0000-0000-0000-000000000001','วังทองหลาง','วังทองหลาง','123','ลาดพร้าว'),
  ('a0000002-0000-0000-0000-000000000002','cc000001-0000-0000-0000-000000000001','b0000001-0000-0000-0000-000000000001','จตุจักร','จตุจักร','45/2','พหลโยธิน'),
  ('a0000003-0000-0000-0000-000000000003','cc000001-0000-0000-0000-000000000001','b0000001-0000-0000-0000-000000000001','บางรัก','สีลม','88','สีลม'),
  ('a0000004-0000-0000-0000-000000000004','cc000001-0000-0000-0000-000000000001','b0000001-0000-0000-0000-000000000001','คลองเตย','คลองเตย','200','สุขุมวิท'),
  ('a0000005-0000-0000-0000-000000000005','cc000001-0000-0000-0000-000000000001','b0000001-0000-0000-0000-000000000001','ดอนเมือง','สีกัน','10','วิภาวดีรังสิต'),
  ('a0000006-0000-0000-0000-000000000006','cc000001-0000-0000-0000-000000000001','b0000014-0000-0000-0000-000000000014','เมืองเชียงใหม่','ช้างเผือก','55','นิมมานเหมินท์'),
  ('a0000007-0000-0000-0000-000000000007','cc000001-0000-0000-0000-000000000001','b0000014-0000-0000-0000-000000000014','เมืองเชียงใหม่','ศรีภูมิ','12','ราชดำเนิน'),
  ('a0000008-0000-0000-0000-000000000008','cc000001-0000-0000-0000-000000000001','b0000009-0000-0000-0000-000000000009','เมืองชลบุรี','บ้านสวน','77','สุขุมวิท'),
  ('a0000009-0000-0000-0000-000000000009','cc000001-0000-0000-0000-000000000001','b0000009-0000-0000-0000-000000000009','บางละมุง','หนองปรือ','3/4','พัทยาเหนือ'),
  ('a0000010-0000-0000-0000-000000000010','cc000001-0000-0000-0000-000000000001','b0000042-0000-0000-0000-000000000042','เมืองภูเก็ต','ตลาดใหญ่','9','ถลาง'),
  ('a0000011-0000-0000-0000-000000000011','cc000001-0000-0000-0000-000000000001','b0000042-0000-0000-0000-000000000042','กะทู้','กมลา','22','เจ้าฟ้า'),
  ('a0000012-0000-0000-0000-000000000012','cc000001-0000-0000-0000-000000000001','b0000006-0000-0000-0000-000000000006','เมืองขอนแก่น','ในเมือง','100','มิตรภาพ'),
  ('a0000013-0000-0000-0000-000000000013','cc000001-0000-0000-0000-000000000001','b0000021-0000-0000-0000-000000000021','เมืองนครราชสีมา','ในเมือง','56','มิตรภาพ'),
  ('a0000014-0000-0000-0000-000000000014','cc000001-0000-0000-0000-000000000001','b0000058-0000-0000-0000-000000000058','เมืองสงขลา','บ่อยาง','33','ราษฎร์ยินดี'),
  ('a0000015-0000-0000-0000-000000000015','cc000001-0000-0000-0000-000000000001','b0000068-0000-0000-0000-000000000068','เมืองสุราษฎร์ธานี','ตลาด','8','ดอนนก'),
  ('a0000016-0000-0000-0000-000000000016','cc000001-0000-0000-0000-000000000001','b0000024-0000-0000-0000-000000000024','เมืองนนทบุรี','บางกระสอ','15','รัตนาธิเบศร์'),
  ('a0000017-0000-0000-0000-000000000017','cc000001-0000-0000-0000-000000000001','b0000029-0000-0000-0000-000000000029','เมืองปทุมธานี','บางปรอก','44','ปทุมธานี-สามโคก'),
  ('a0000018-0000-0000-0000-000000000018','cc000001-0000-0000-0000-000000000001','b0000060-0000-0000-0000-000000000060','เมืองสมุทรปราการ','ปากน้ำ','67','สุขุมวิท'),
  ('a0000019-0000-0000-0000-000000000019','cc000001-0000-0000-0000-000000000001','b0000050-0000-0000-0000-000000000050','เมืองระยอง','ท่าประดู่','19','สุขุมวิท'),
  ('a0000020-0000-0000-0000-000000000020','cc000001-0000-0000-0000-000000000001','b0000033-0000-0000-0000-000000000033','พระนครศรีอยุธยา','ประตูชัย','5','อู่ทอง'),
  ('a0000021-0000-0000-0000-000000000021','cc000001-0000-0000-0000-000000000001','b0000001-0000-0000-0000-000000000001','ห้วยขวาง','ห้วยขวาง','301','รัชดาภิเษก'),
  ('a0000022-0000-0000-0000-000000000022','cc000001-0000-0000-0000-000000000001','b0000001-0000-0000-0000-000000000001','ราษฎร์บูรณะ','ราษฎร์บูรณะ','14','ราษฎร์บูรณะ'),
  ('a0000023-0000-0000-0000-000000000023','cc000001-0000-0000-0000-000000000001','b0000001-0000-0000-0000-000000000001','ลาดกระบัง','ลาดกระบัง','88','ลาดกระบัง'),
  ('a0000024-0000-0000-0000-000000000024','cc000001-0000-0000-0000-000000000001','b0000001-0000-0000-0000-000000000001','มีนบุรี','มีนบุรี','7','รามคำแหง'),
  ('a0000025-0000-0000-0000-000000000025','cc000001-0000-0000-0000-000000000001','b0000001-0000-0000-0000-000000000001','บึงกุ่ม','คลองกุ่ม','29','เสรีไทย'),
  ('a0000026-0000-0000-0000-000000000026','cc000001-0000-0000-0000-000000000001','b0000013-0000-0000-0000-000000000013','เมืองเชียงราย','เวียง','66','พหลโยธิน'),
  ('a0000027-0000-0000-0000-000000000027','cc000001-0000-0000-0000-000000000001','b0000038-0000-0000-0000-000000000038','เมืองพิษณุโลก','ในเมือง','111','บรมไตรโลกนาถ'),
  ('a0000028-0000-0000-0000-000000000028','cc000001-0000-0000-0000-000000000001','b0000074-0000-0000-0000-000000000074','เมืองอุดรธานี','หมากแข้ง','42','ทหาร'),
  ('a0000029-0000-0000-0000-000000000029','cc000001-0000-0000-0000-000000000001','b0000077-0000-0000-0000-000000000077','เมืองอุบลราชธานี','ในเมือง','18','ชยางกูร'),
  ('a0000030-0000-0000-0000-000000000030','cc000001-0000-0000-0000-000000000001','b0000022-0000-0000-0000-000000000022','เมืองนครศรีธรรมราช','ในเมือง','30','ราชดำเนิน'),
  ('a0000031-0000-0000-0000-000000000031','cc000001-0000-0000-0000-000000000001','b0000001-0000-0000-0000-000000000001','ธนบุรี','บางยี่เรือ','52','เทอดไท'),
  ('a0000032-0000-0000-0000-000000000032','cc000001-0000-0000-0000-000000000001','b0000001-0000-0000-0000-000000000001','บางกอกน้อย','บ้านช่างหล่อ','3','อรุณอมรินทร์'),
  ('a0000033-0000-0000-0000-000000000033','cc000001-0000-0000-0000-000000000001','b0000001-0000-0000-0000-000000000001','ป้อมปราบศัตรูพ่าย','วัดเทพศิรินทร์','77','กรุงเกษม'),
  ('a0000034-0000-0000-0000-000000000034','cc000001-0000-0000-0000-000000000001','b0000001-0000-0000-0000-000000000001','สาทร','ยานนาวา','200','นราธิวาสราชนครินทร์'),
  ('a0000035-0000-0000-0000-000000000035','cc000001-0000-0000-0000-000000000001','b0000001-0000-0000-0000-000000000001','บางนา','บางนา','55','บางนา-ตราด'),
  ('a0000036-0000-0000-0000-000000000036','cc000001-0000-0000-0000-000000000001','b0000001-0000-0000-0000-000000000001','สวนหลวง','สวนหลวง','11','ศรีนครินทร์'),
  ('a0000037-0000-0000-0000-000000000037','cc000001-0000-0000-0000-000000000001','b0000001-0000-0000-0000-000000000001','บางเขน','อนุสาวรีย์','99','พหลโยธิน'),
  ('a0000038-0000-0000-0000-000000000038','cc000001-0000-0000-0000-000000000001','b0000001-0000-0000-0000-000000000001','ดอนเมือง','ดอนเมือง','40','วิภาวดีรังสิต'),
  ('a0000039-0000-0000-0000-000000000039','cc000001-0000-0000-0000-000000000001','b0000001-0000-0000-0000-000000000001','หลักสี่','ทุ่งสองห้อง','6','แจ้งวัฒนะ'),
  ('a0000040-0000-0000-0000-000000000040','cc000001-0000-0000-0000-000000000001','b0000001-0000-0000-0000-000000000001','ลาดพร้าว','ลาดพร้าว','88','ลาดพร้าว'),
  ('a0000041-0000-0000-0000-000000000041','cc000001-0000-0000-0000-000000000001','b0000001-0000-0000-0000-000000000001','บึงกุ่ม','คันนายาว','12','นิมิตใหม่'),
  ('a0000042-0000-0000-0000-000000000042','cc000001-0000-0000-0000-000000000001','b0000001-0000-0000-0000-000000000001','ประเวศ','ประเวศ','34','อ่อนนุช'),
  ('a0000043-0000-0000-0000-000000000043','cc000001-0000-0000-0000-000000000001','b0000001-0000-0000-0000-000000000001','บางกะปิ','หัวหมาก','21','รามคำแหง'),
  ('a0000044-0000-0000-0000-000000000044','cc000001-0000-0000-0000-000000000001','b0000001-0000-0000-0000-000000000001','ทุ่งครุ','บางมด','5','ประชาอุทิศ'),
  ('a0000045-0000-0000-0000-000000000045','cc000001-0000-0000-0000-000000000001','b0000001-0000-0000-0000-000000000001','จอมทอง','บางขุนเทียน','17','เอกชัย'),
  ('a0000046-0000-0000-0000-000000000046','cc000001-0000-0000-0000-000000000001','b0000001-0000-0000-0000-000000000001','บางบอน','บางบอน','8','กาญจนาภิเษก'),
  ('a0000047-0000-0000-0000-000000000047','cc000001-0000-0000-0000-000000000001','b0000001-0000-0000-0000-000000000001','หนองแขม','หนองแขม','22','เพชรเกษม'),
  ('a0000048-0000-0000-0000-000000000048','cc000001-0000-0000-0000-000000000001','b0000001-0000-0000-0000-000000000001','ภาษีเจริญ','บางแวก','60','เพชรเกษม'),
  ('a0000049-0000-0000-0000-000000000049','cc000001-0000-0000-0000-000000000001','b0000001-0000-0000-0000-000000000001','ตลิ่งชัน','ตลิ่งชัน','3','บรมราชชนนี'),
  ('a0000050-0000-0000-0000-000000000050','cc000001-0000-0000-0000-000000000001','b0000001-0000-0000-0000-000000000001','บางพลัด','บางพลัด','91','จรัญสนิทวงศ์')
ON CONFLICT (id) DO NOTHING;
